beta,B,Df,phi,gamma,P,C,Q_ult
10,0.5,0.5,10,17,50,7.5,45.669
10,0.5,0.5,10,17,75,7.5,57.586
10,0.5,0.5,10,17,100,7.5,62.36
10,1,0.5,10,17,50,7.5,51.589
10,1,1,10,17,50,7.5,59.305
10,1,0.5,10,17,75,7.5,70.596
10,1,1,10,17,75,7.5,72.225
10,1,0.5,10,17,100,7.5,83.675
10,1,1,10,17,100,7.5,89.296
10,1.5,0.5,10,17,50,7.5,53.165
10,1.5,1,10,17,50,7.5,60.725
10,1.5,1.5,10,17,50,7.5,67.345
10,1.5,0.5,10,17,75,7.5,74.805
10,1.5,1,10,17,75,7.5,75.915
10,1.5,1.5,10,17,75,7.5,76.746
10,1.5,0.5,10,17,100,7.5,94.824
10,1.5,1,10,17,100,7.5,96.851
10,1.5,1.5,10,17,100,7.5,98.176
10,2,0.5,10,17,50,7.5,194.995
10,2,1,10,17,50,7.5,240.783
10,2,1.5,10,17,50,7.5,278.553
10,2,2,10,17,50,7.5,313.789
10,2,0.5,10,17,75,7.5,195.089
10,2,1,10,17,75,7.5,240.8
10,2,1.5,10,17,75,7.5,278.555
10,2,2,10,17,75,7.5,313.844
10,2,0.5,10,17,100,7.5,195.159
10,2,1,10,17,100,7.5,240.887
10,2,1.5,10,17,100,7.5,278.566
10,2,2,10,17,100,7.5,313.992
10,0.5,0.5,15,17,50,7.5,49.729
10,0.5,0.5,15,17,75,7.5,66.92
10,0.5,0.5,15,17,100,7.5,80.045
10,1,0.5,15,17,50,7.5,87.356
10,1,1,15,17,50,7.5,115.445
10,1,0.5,15,17,75,7.5,88.284
10,1,1,15,17,75,7.5,115.835
10,1,0.5,15,17,100,7.5,95.96
10,1,1,15,17,100,7.5,116.631
10,1.5,0.5,15,17,50,7.5,220.217
10,1.5,1,15,17,50,7.5,288.546
10,1.5,1.5,15,17,50,7.5,339.878
10,1.5,0.5,15,17,75,7.5,220.253
10,1.5,1,15,17,75,7.5,288.655
10,1.5,1.5,15,17,75,7.5,339.963
10,1.5,0.5,15,17,100,7.5,220.192
10,1.5,1,15,17,100,7.5,288.757
10,1.5,1.5,15,17,100,7.5,339.988
10,2,0.5,15,17,50,7.5,300.314
10,2,1,15,17,50,7.5,375.32
10,2,1.5,15,17,50,7.5,436.177
10,2,2,15,17,50,7.5,510.038
10,2,0.5,15,17,75,7.5,300.785
10,2,1,15,17,75,7.5,375.475
10,2,1.5,15,17,75,7.5,436.222
10,2,2,15,17,75,7.5,510.187
10,2,0.5,15,17,100,7.5,302.81
10,2,1,15,17,100,7.5,375.58
10,2,1.5,15,17,100,7.5,436.265
10,2,2,15,17,100,7.5,520.234
10,0.5,0.5,20,17,50,7.5,53.519
10,0.5,0.5,20,17,75,7.5,72.011
10,0.5,0.5,20,17,100,7.5,89.909
10,1,0.5,20,17,50,7.5,127.18
10,1,1,20,17,50,7.5,211.755
10,1,0.5,20,17,75,7.5,156.875
10,1,1,20,17,75,7.5,211.886
10,1,0.5,20,17,100,7.5,157.235
10,1,1,20,17,100,7.5,212.186
10,1.5,0.5,20,17,50,7.5,318.686
10,1.5,1,20,17,50,7.5,417.775
10,1.5,1.5,20,17,50,7.5,518.7
10,1.5,0.5,20,17,75,7.5,318.723
10,1.5,1,20,17,75,7.5,417.843
10,1.5,1.5,20,17,75,7.5,518.687
10,1.5,0.5,20,17,100,7.5,318.797
10,1.5,1,20,17,100,7.5,417.964
10,1.5,1.5,20,17,100,7.5,518.681
10,2,0.5,20,17,50,7.5,438.556
10,2,1,20,17,50,7.5,559.566
10,2,1.5,20,17,50,7.5,686.213
10,2,2,20,17,50,7.5,789.141
10,2,0.5,20,17,75,7.5,438.875
10,2,1,20,17,75,7.5,559.637
10,2,1.5,20,17,75,7.5,686.392
10,2,2,20,17,75,7.5,789.292
10,2,0.5,20,17,100,7.5,438.947
10,2,1,20,17,100,7.5,557.703
10,2,1.5,20,17,100,7.5,686.588
10,2,2,20,17,100,7.5,789.56
10,0.5,0.5,25,17,50,7.5,54.548
10,0.5,0.5,25,17,75,7.5,77.086
10,0.5,0.5,25,17,100,7.5,95.466
10,1,0.5,25,17,50,7.5,208.58
10,1,1,25,17,50,7.5,257.925
10,1,0.5,25,17,75,7.5,208.455
10,1,1,25,17,75,7.5,257.983
10,1,0.5,25,17,100,7.5,208.733
10,1,1,25,17,100,7.5,258.136
10,1.5,0.5,25,17,50,7.5,461.4673625
10,1.5,1,25,17,50,7.5,634.002
10,1.5,1.5,25,17,50,7.5,797.231
10,1.5,0.5,25,17,75,7.5,461.563
10,1.5,1,25,17,75,7.5,634.223
10,1.5,1.5,25,17,75,7.5,797.341
10,1.5,0.5,25,17,100,7.5,461.765
10,1.5,1,25,17,100,7.5,634.887
10,1.5,1.5,25,17,100,7.5,797.494
10,2,0.5,25,17,50,7.5,671.25
10,2,1,25,17,50,7.5,868.915
10,2,1.5,25,17,50,7.5,1079.067
10,2,2,25,17,50,7.5,1287.31
10,2,0.5,25,17,75,7.5,672.349
10,2,1,25,17,75,7.5,869.975
10,2,1.5,25,17,75,7.5,1083.687
10,2,2,25,17,75,7.5,1287.921
10,2,0.5,25,17,100,7.5,673.673
10,2,1,25,17,100,7.5,867.992
10,2,1.5,25,17,100,7.5,1086.373
10,2,2,25,17,100,7.5,1288.025
10,0.5,0.5,10,19,50,7.5,47.279
10,0.5,0.5,10,19,75,7.5,58.393
10,0.5,0.5,10,19,100,7.5,64.285
10,1,0.5,10,19,50,7.5,53.316
10,1,1,10,19,50,7.5,92.08
10,1,0.5,10,19,75,7.5,72.725
10,1,1,10,19,75,7.5,74.612
10,1,0.5,10,19,100,7.5,88.225
10,1,1,10,19,100,7.5,91.19
10,1.5,0.5,10,19,50,7.5,55.724
10,1.5,1,10,19,50,7.5,192.567
10,1.5,1.5,10,19,50,7.5,230.708
10,1.5,0.5,10,19,75,7.5,75.154
10,1.5,1,10,19,75,7.5,192.661
10,1.5,1.5,10,19,75,7.5,230.71
10,1.5,0.5,10,19,100,7.5,96.168
10,1.5,1,10,19,100,7.5,197.32
10,1.5,1.5,10,19,100,7.5,230.831
10,2,0.5,10,19,50,7.5,198.86
10,2,1,10,19,50,7.5,247.321
10,2,1.5,10,19,50,7.5,290.324
10,2,2,10,19,50,7.5,327.544
10,2,0.5,10,19,75,7.5,198.98
10,2,1,10,19,75,7.5,250.174
10,2,1.5,10,19,75,7.5,290.328
10,2,2,10,19,75,7.5,327.604
10,2,0.5,10,19,100,7.5,202.167
10,2,1,10,19,100,7.5,250.166
10,2,1.5,10,19,100,7.5,290.333
10,2,2,10,19,100,7.5,327.626
10,0.5,0.5,15,19,50,7.5,50.235
10,0.5,0.5,15,19,75,7.5,67.963
10,0.5,0.5,15,19,100,7.5,81.104
10,1,0.5,15,19,50,7.5,168.266
10,1,1,15,19,50,7.5,215.039
10,1,0.5,15,19,75,7.5,167.72
10,1,1,15,19,75,7.5,215.337
10,1,0.5,15,19,100,7.5,168.843
10,1,1,15,19,100,7.5,215.657
10,1.5,0.5,15,19,50,7.5,230.225
10,1.5,1,15,19,50,7.5,304.119
10,1.5,1.5,15,19,50,7.5,358.659
10,1.5,0.5,15,19,75,7.5,230.291
10,1.5,1,15,19,75,7.5,304.233
10,1.5,1.5,15,19,75,7.5,358.778
10,1.5,0.5,15,19,100,7.5,230.183
10,1.5,1,15,19,100,7.5,303.929
10,1.5,1.5,15,19,100,7.5,358.982
10,2,0.5,15,19,50,7.5,311.413
10,2,1,15,19,50,7.5,396.028
10,2,1.5,15,19,50,7.5,461.955
10,2,2,15,19,50,7.5,542.914
10,2,0.5,15,19,75,7.5,311.39
10,2,1,15,19,75,7.5,396.123
10,2,1.5,15,19,75,7.5,462.039
10,2,2,15,19,75,7.5,543.049
10,2,0.5,15,19,100,7.5,311.167
10,2,1,15,19,100,7.5,396.411
10,2,1.5,15,19,100,7.5,462.06
10,2,2,15,19,100,7.5,542.962
10,0.5,0.5,20,19,50,7.5,55.588
10,0.5,0.5,20,19,75,7.5,74.688
10,0.5,0.5,20,19,100,7.5,91.095
10,1,0.5,20,19,50,7.5,247.096
10,1,1,20,19,50,7.5,310.214
10,1,0.5,20,19,75,7.5,247.468
10,1,1,20,19,75,7.5,310.363
10,1,0.5,20,19,100,7.5,248.118
10,1,1,20,19,100,7.5,310.329
10,1.5,0.5,20,19,50,7.5,335.841
10,1.5,1,20,19,50,7.5,443.59
10,1.5,1.5,20,19,50,7.5,553.875
10,1.5,0.5,20,19,75,7.5,335.961
10,1.5,1,20,19,75,7.5,443.783
10,1.5,1.5,20,19,75,7.5,553.754
10,1.5,0.5,20,19,100,7.5,336.03
10,1.5,1,20,19,100,7.5,443.347
10,1.5,1.5,20,19,100,7.5,557.488
10,2,0.5,20,19,50,7.5,464.038
10,2,1,20,19,50,7.5,596.014
10,2,1.5,20,19,50,7.5,735.117
10,2,2,20,19,50,7.5,849.126
10,2,0.5,20,19,75,7.5,464.211
10,2,1,20,19,75,7.5,596.103
10,2,1.5,20,19,75,7.5,735.37
10,2,2,20,19,75,7.5,849.182
10,2,0.5,20,19,100,7.5,464.091
10,2,1,20,19,100,7.5,596.281
10,2,1.5,20,19,100,7.5,735.69
10,2,2,20,19,100,7.5,849.298
10,0.5,0.5,25,19,50,7.5,55.937
10,0.5,0.5,25,19,75,7.5,77.71
10,0.5,0.5,25,19,100,7.5,96.664
10,1,0.5,25,19,50,7.5,293.691
10,1,1,25,19,50,7.5,458.631
10,1,0.5,25,19,75,7.5,293.736
10,1,1,25,19,75,7.5,459.085
10,1,0.5,25,19,100,7.5,294.412
10,1,1,25,19,100,7.5,459.873
10,1.5,0.5,25,19,50,7.5,512.003
10,1.5,1,25,19,50,7.5,655.819
10,1.5,1.5,25,19,50,7.5,796.1
10,1.5,0.5,25,19,75,7.5,512.131
10,1.5,1,25,19,75,7.5,656.427
10,1.5,1.5,25,19,75,7.5,796.95
10,1.5,0.5,25,19,100,7.5,512.385
10,1.5,1,25,19,100,7.5,656.895
10,1.5,1.5,25,19,100,7.5,796.696
10,2,0.5,25,19,50,7.5,715.787
10,2,1,25,19,50,7.5,930.413
10,2,1.5,25,19,50,7.5,1167.988
10,2,2,25,19,50,7.5,1392.593
10,2,0.5,25,19,75,7.5,716.005
10,2,1,25,19,75,7.5,931.603
10,2,1.5,25,19,75,7.5,1168.033
10,2,2,25,19,75,7.5,1390.893
10,2,0.5,25,19,100,7.5,716.237
10,2,1,25,19,100,7.5,929461
10,2,1.5,25,19,100,7.5,1167.013
10,2,2,25,19,100,7.5,1391.765
10,0.5,0.5,10,21,50,7.5,47.473
10,0.5,0.5,10,21,75,7.5,60.276
10,0.5,0.5,10,21,100,7.5,66.984
10,1,0.5,10,21,50,7.5,55.076
10,1,1,10,21,50,7.5,96.795
10,1,0.5,10,21,75,7.5,73.514
10,1,1,10,21,75,7.5,74.865
10,1,0.5,10,21,100,7.5,89.368
10,1,1,10,21,100,7.5,92.471
10,1.5,0.5,10,21,50,7.5,57.265
10,1.5,1,10,21,50,7.5,199.076
10,1.5,1.5,10,21,50,7.5,239.138
10,1.5,0.5,10,21,75,7.5,80.3925
10,1.5,1,10,21,75,7.5,199.075
10,1.5,1.5,10,21,75,7.5,239.14
10,1.5,0.5,10,21,100,7.5,96.951
10,1.5,1,10,21,100,7.5,199.065
10,1.5,1.5,10,21,100,7.5,239.134
10,2,0.5,10,21,50,7.5,205.1
10,2,1,10,21,50,7.5,256.143
10,2,1.5,10,21,50,7.5,301.641
10,2,2,10,21,50,7.5,341.103
10,2,0.5,10,21,75,7.5,206.02
10,2,1,10,21,75,7.5,256.742
10,2,1.5,10,21,75,7.5,301.645
10,2,2,10,21,75,7.5,341.094
10,2,0.5,10,21,100,7.5,206.532
10,2,1,10,21,100,7.5,256.183
10,2,1.5,10,21,100,7.5,301.642
10,2,2,10,21,100,7.5,341.084
10,0.5,0.5,15,21,50,7.5,51.706
10,0.5,0.5,15,21,75,7.5,68.977
10,0.5,0.5,15,21,100,7.5,83.004
10,1,0.5,15,21,50,7.5,174.283
10,1,1,15,21,50,7.5,225.507
10,1,0.5,15,21,75,7.5,174.399
10,1,1,15,21,75,7.5,225.524
10,1,0.5,15,21,100,7.5,174.739
10,1,1,15,21,100,7.5,225.538
10,1.5,0.5,15,21,50,7.5,242.458
10,1.5,1,15,21,50,7.5,317.81
10,1.5,1.5,15,21,50,7.5,377.32
10,1.5,0.5,15,21,75,7.5,242.473
10,1.5,1,15,21,75,7.5,317.862
10,1.5,1.5,15,21,75,7.5,377.389
10,1.5,0.5,15,21,100,7.5,242.266
10,1.5,1,15,21,100,7.5,318.238
10,1.5,1.5,15,21,100,7.5,377.981
10,2,0.5,15,21,50,7.5,323.377
10,2,1,15,21,50,7.5,416.652
10,2,1.5,15,21,50,7.5,487.276
10,2,2,15,21,50,7.5,574.857
10,2,0.5,15,21,75,7.5,323.191
10,2,1,15,21,75,7.5,417.057
10,2,1.5,15,21,75,7.5,487.386
10,2,2,15,21,75,7.5,574.815
10,2,0.5,15,21,100,7.5,323.997
10,2,1,15,21,100,7.5,416.877
10,2,1.5,15,21,100,7.5,487.339
10,2,2,15,21,100,7.5,575.031
10,0.5,0.5,20,21,50,7.5,56.068
10,0.5,0.5,20,21,75,7.5,74.985
10,0.5,0.5,20,21,100,7.5,92.897
10,1,0.5,20,21,50,7.5,260.163
10,1,1,20,21,50,7.5,327.175
10,1,0.5,20,21,75,7.5,260.654
10,1,1,20,21,75,7.5,327.32
10,1,0.5,20,21,100,7.5,260.699
10,1,1,20,21,100,7.5,327.527
10,1.5,0.5,20,21,50,7.5,352.711
10,1.5,1,20,21,50,7.5,468.91
10,1.5,1.5,20,21,50,7.5,588.251
10,1.5,0.5,20,21,75,7.5,367.379
10,1.5,1,20,21,75,7.5,468.938
10,1.5,1.5,20,21,75,7.5,588.474
10,1.5,0.5,20,21,100,7.5,367.511
10,1.5,1,20,21,100,7.5,468.945
10,1.5,1.5,20,21,100,7.5,588.853
10,2,0.5,20,21,50,7.5,489.085
10,2,1,20,21,50,7.5,632.184
10,2,1.5,20,21,50,7.5,783.832
10,2,2,20,21,50,7.5,909.647
10,2,0.5,20,21,75,7.5,488.993
10,2,1,20,21,75,7.5,632.283
10,2,1.5,20,21,75,7.5,783.743
10,2,2,20,21,75,7.5,909.542
10,2,0.5,20,21,100,7.5,489.171
10,2,1,20,21,100,7.5,632.068
10,2,1.5,20,21,100,7.5,783.439
10,2,2,20,21,100,7.5,909.432
10,0.5,0.5,25,21,50,7.5,56.556
10,0.5,0.5,25,21,75,7.5,77.839
10,0.5,0.5,25,21,100,7.5,97.256
10,1,0.5,25,21,50,7.5,360.348
10,1,1,25,21,50,7.5,487.763
10,1,0.5,25,21,75,7.5,360.481
10,1,1,25,21,75,7.5,487.768
10,1,0.5,25,21,100,7.5,360.673
10,1,1,25,21,100,7.5,487.881
10,1.5,0.5,25,21,50,7.5,563.837
10,1.5,1,25,21,50,7.5,765.364
10,1.5,1.5,25,21,50,7.5,919.067
10,1.5,0.5,25,21,75,7.5,564.19
10,1.5,1,25,21,75,7.5,765.751
10,1.5,1.5,25,21,75,7.5,919.004
10,1.5,0.5,25,21,100,7.5,564.481
10,1.5,1,25,21,100,7.5,765.74
10,1.5,1.5,25,21,100,7.5,919.489
10,2,0.5,25,21,50,7.5,761.569
10,2,1,25,21,50,7.5,993.864
10,2,1.5,25,21,50,7.5,1253.409
10,2,2,25,21,50,7.5,1499.041
10,2,0.5,25,21,75,7.5,761.723
10,2,1,25,21,75,7.5,993.203
10,2,1.5,25,21,75,7.5,1253.746
10,2,2,25,21,75,7.5,1496.89
10,2,0.5,25,21,100,7.5,760.716
10,2,1,25,21,100,7.5,994.31
10,2,1.5,25,21,100,7.5,1252.515
20,0.5,0.5,10,17,50,7.5,43.518
20,0.5,0.5,10,17,75,7.5,51.188
20,0.5,0.5,10,17,100,7.5,86.078
20,1,0.5,10,17,50,7.5,49.828
20,1,1,10,17,50,7.5,50.85
20,1,0.5,10,17,75,7.5,65.582
20,1,1,10,17,75,7.5,68.303
20,1,0.5,10,17,100,7.5,82.46
20,1,1,10,17,100,7.5,86.07
20,1.5,0.5,10,17,50,7.5,49.993
20,1.5,1,10,17,50,7.5,58.743
20,1.5,1.5,10,17,50,7.5,68.352
20,1.5,0.5,10,17,75,7.5,70.42
20,1.5,1,10,17,75,7.5,71.84
20,1.5,1.5,10,17,75,7.5,73.133
20,1.5,0.5,10,17,100,7.5,84.614
20,1.5,1,10,17,100,7.5,90.531
20,1.5,1.5,10,17,100,7.5,92.858
20,2,0.5,10,17,50,7.5,94.76
20,2,1,10,17,50,7.5,116.935
20,2,1.5,10,17,50,7.5,130.836
20,2,2,10,17,50,7.5,183.275
20,2,0.5,10,17,75,7.5,94.872
20,2,1,10,17,75,7.5,115.665
20,2,1.5,10,17,75,7.5,130.874
20,2,2,10,17,75,7.5,183.563
20,2,0.5,10,17,100,7.5,94.935
20,2,1,10,17,100,7.5,114.673
20,2,1.5,10,17,100,7.5,131.469
20,2,2,10,17,100,7.5,183.996
20,0.5,0.5,15,17,50,7.5,48.645
20,0.5,0.5,15,17,75,7.5,63.045
20,0.5,0.5,15,17,100,7.5,86.078
20,1,0.5,15,17,50,7.5,77.66
20,1,1,15,17,50,7.5,83.9
20,1,0.5,15,17,75,7.5,72.304
20,1,1,15,17,75,7.5,84.555
20,1,0.5,15,17,100,7.5,91.345
20,1,1,15,17,100,7.5,98.56
20,1.5,0.5,15,17,50,7.5,76.213
20,1.5,1,15,17,50,7.5,98.237
20,1.5,1.5,15,17,50,7.5,207.226
20,1.5,0.5,15,17,75,7.5,76.324
20,1.5,1,15,17,75,7.5,99.7575
20,1.5,1.5,15,17,75,7.5,207.322
20,1.5,0.5,15,17,100,7.5,77.134
20,1.5,1,15,17,100,7.5,98.951
20,1.5,1.5,15,17,100,7.5,207.644
20,2,0.5,15,17,50,7.5,198.265
20,2,1,15,17,50,7.5,220.893
20,2,1.5,15,17,50,7.5,252.921
20,2,2,15,17,50,7.5,296.933
20,2,0.5,15,17,75,7.5,198.288
20,2,1,15,17,75,7.5,220.958
20,2,1.5,15,17,75,7.5,253.321
20,2,2,15,17,75,7.5,296.733
20,2,0.5,15,17,100,7.5,198.346
20,2,1,15,17,100,7.5,221.022
20,2,1.5,15,17,100,7.5,258.977
20,2,2,15,17,100,7.5,296.959
20,0.5,0.5,20,17,50,7.5,51.594
20,0.5,0.5,20,17,75,7.5,69.888
20,0.5,0.5,20,17,100,7.5,85.981
20,1,0.5,20,17,50,7.5,119.44
20,1,1,20,17,50,7.5,156.365
20,1,0.5,20,17,75,7.5,133.5675
20,1,1,20,17,75,7.5,167.6025
20,1,0.5,20,17,100,7.5,134.556
20,1,1,20,17,100,7.5,168.668
20,1.5,0.5,20,17,50,7.5,221.466
20,1.5,1,20,17,50,7.5,277.64
20,1.5,1.5,20,17,50,7.5,338.554
20,1.5,0.5,20,17,75,7.5,221.486
20,1.5,1,20,17,75,7.5,279.198
20,1.5,1.5,20,17,75,7.5,338.896
20,1.5,0.5,20,17,100,7.5,221.542
20,1.5,1,20,17,100,7.5,280.265
20,1.5,1.5,20,17,100,7.5,341.61
20,2,0.5,20,17,50,7.5,302.496
20,2,1,20,17,50,7.5,365.44
20,2,1.5,20,17,50,7.5,423.575
20,2,2,20,17,50,7.5,495.148
20,2,0.5,20,17,75,7.5,302.768
20,2,1,20,17,75,7.5,365.558
20,2,1.5,20,17,75,7.5,423.637
20,2,2,20,17,75,7.5,495.871
20,2,0.5,20,17,100,7.5,302.886
20,2,1,20,17,100,7.5,365.459
20,2,1.5,20,17,100,7.5,423.737
20,2,2,20,17,100,7.5,495.571
20,0.5,0.5,25,17,50,7.5,51.549
20,0.5,0.5,25,17,75,7.5,72.947
20,0.5,0.5,25,17,100,7.5,93.383
20,1,0.5,25,17,50,7.5,161.075
20,1,1,25,17,50,7.5,205.835
20,1,0.5,25,17,75,7.5,161.221
20,1,1,25,17,75,7.5,205.886
20,1,0.5,25,17,100,7.5,162.344
20,1,1,25,17,100,7.5,205.967
20,1.5,0.5,25,17,50,7.5,258.355
20,1.5,1,25,17,50,7.5,357.905
20,1.5,1.5,25,17,50,7.5,410.55
20,1.5,0.5,25,17,75,7.5,258.561
20,1.5,1,25,17,75,7.5,358.112
20,1.5,1.5,25,17,75,7.5,410.567
20,1.5,0.5,25,17,100,7.5,258.672
20,1.5,1,25,17,100,7.5,358.322
20,1.5,1.5,25,17,100,7.5,410.988
20,2,0.5,25,17,50,7.5,459.408
20,2,1,25,17,50,7.5,568.278
20,2,1.5,25,17,50,7.5,656.666
20,2,2,25,17,50,7.5,779.671
20,2,0.5,25,17,75,7.5,459.553
20,2,1,25,17,75,7.5,563.567
20,2,1.5,25,17,75,7.5,664.674
20,2,2,25,17,75,7.5,783.612
20,2,0.5,25,17,100,7.5,459.985
20,2,1,25,17,100,7.5,563.066
20,2,1.5,25,17,100,7.5,665.504
20,2,2,25,17,100,7.5,783.703
20,0.5,0.5,10,19,50,7.5,43.873
20,0.5,0.5,10,19,75,7.5,64.559
20,0.5,0.5,10,19,100,7.5,86.078
20,1,0.5,10,19,50,7.5,49.146
20,1,1,10,19,50,7.5,50.761
20,1,0.5,10,19,75,7.5,64.454
20,1,1,10,19,75,7.5,68.044
20,1,0.5,10,19,100,7.5,86.078
20,1,1,10,19,100,7.5,86.078
20,1.5,0.5,10,19,50,7.5,51.61
20,1.5,1,10,19,50,7.5,52.726
20,1.5,1.5,10,19,50,7.5,52.556
20,1.5,0.5,10,19,75,7.5,72.084
20,1.5,1,10,19,75,7.5,72.043
20,1.5,1.5,10,19,75,7.5,72.68
20,1.5,0.5,10,19,100,7.5,89.779
20,1.5,1,10,19,100,7.5,90.579
20,1.5,1.5,10,19,100,7.5,93.778
20,2,0.5,10,19,50,7.5,94.671
20,2,1,10,19,50,7.5,117.095
20,2,1.5,10,19,50,7.5,131.349
20,2,2,10,19,50,7.5,183.774
20,2,0.5,10,19,75,7.5,95.843
20,2,1,10,19,75,7.5,116.512
20,2,1.5,10,19,75,7.5,131.764
20,2,2,10,19,75,7.5,184.267
20,2,0.5,10,19,100,7.5,95.707
20,2,1,10,19,100,7.5,114.976
20,2,1.5,10,19,100,7.5,132.319
20,2,2,10,19,100,7.5,197.343
20,0.5,0.5,15,19,50,7.5,48.905
20,0.5,0.5,15,19,75,7.5,64.381
20,0.5,0.5,15,19,100,7.5,86.078
20,1,0.5,15,19,50,7.5,84.925
20,1,1,15,19,50,7.5,109.566
20,1,0.5,15,19,75,7.5,84.958
20,1,1,15,19,75,7.5,109.937
20,1,0.5,15,19,100,7.5,91.943
20,1,1,15,19,100,7.5,110.88
20,1.5,0.5,15,19,50,7.5,105.53
20,1.5,1,15,19,50,7.5,180.526
20,1.5,1.5,15,19,50,7.5,208.703
20,1.5,0.5,15,19,75,7.5,106.425
20,1.5,1,15,19,75,7.5,180.321
20,1.5,1.5,15,19,75,7.5,208.109
20,1.5,0.5,15,19,100,7.5,108.41
20,1.5,1,15,19,100,7.5,180.493
20,1.5,1.5,15,19,100,7.5,208.541
20,2,0.5,15,19,50,7.5,199.982
20,2,1,15,19,50,7.5,221.432
20,2,1.5,15,19,50,7.5,260.572
20,2,2,15,19,50,7.5,305.192
20,2,0.5,15,19,75,7.5,200.871
20,2,1,15,19,75,7.5,222.131
20,2,1.5,15,19,75,7.5,255.258
20,2,2,15,19,75,7.5,305.441
20,2,0.5,15,19,100,7.5,200.972
20,2,1,15,19,100,7.5,221.526
20,2,1.5,15,19,100,7.5,259.447
20,2,2,15,19,100,7.5,307.114
20,0.5,0.5,20,19,50,7.5,52.244
20,0.5,0.5,20,19,75,7.5,70.71
20,0.5,0.5,20,19,100,7.5,87.413
20,1,0.5,20,19,50,7.5,136.185
20,1,1,20,19,50,7.5,172.76
20,1,0.5,20,19,75,7.5,136.788
20,1,1,20,19,75,7.5,172.931
20,1,0.5,20,19,100,7.5,137.122
20,1,1,20,19,100,7.5,173.547
20,1.5,0.5,20,19,50,7.5,229.766
20,1.5,1,20,19,50,7.5,296.327
20,1.5,1.5,20,19,50,7.5,350.775
20,1.5,0.5,20,19,75,7.5,229.104
20,1.5,1,20,19,75,7.5,296.894
20,1.5,1.5,20,19,75,7.5,350.782
20,1.5,0.5,20,19,100,7.5,229.626
20,1.5,1,20,19,100,7.5,296.98
20,1.5,1.5,20,19,100,7.5,350.955
20,2,0.5,20,19,50,7.5,314.413
20,2,1,20,19,50,7.5,383.115
20,2,1.5,20,19,50,7.5,441.892
20,2,2,20,19,50,7.5,520.13
20,2,0.5,20,19,75,7.5,314.938
20,2,1,20,19,75,7.5,383.702
20,2,1.5,20,19,75,7.5,442.014
20,2,2,20,19,75,7.5,520.831
20,2,0.5,20,19,100,7.5,316.573
20,2,1,20,19,100,7.5,382.831
20,2,1.5,20,19,100,7.5,441.976
20,2,2,20,19,100,7.5,519.692
20,0.5,0.5,25,19,50,7.5,53.309
20,0.5,0.5,25,19,75,7.5,74.149
20,0.5,0.5,25,19,100,7.5,94.654
20,1,0.5,25,19,50,7.5,163.575
20,1,1,25,19,50,7.5,208.535
20,1,0.5,25,19,75,7.5,157.982
20,1,1,25,19,75,7.5,208.633
20,1,0.5,25,19,100,7.5,163.93
20,1,1,25,19,100,7.5,208.717
20,1.5,0.5,25,19,50,7.5,261.111
20,1.5,1,25,19,50,7.5,361.568
20,1.5,1.5,25,19,50,7.5,446.926
20,1.5,0.5,25,19,75,7.5,261.465
20,1.5,1,25,19,75,7.5,362.287
20,1.5,1.5,25,19,75,7.5,446.85
20,1.5,0.5,25,19,100,7.5,261.95
20,1.5,1,25,19,100,7.5,362.381
20,1.5,1.5,25,19,100,7.5,447.28
20,2,0.5,25,19,50,7.5,484.613
20,2,1,25,19,50,7.5,600.805
20,2,1.5,25,19,50,7.5,699.414
20,2,2,25,19,50,7.5,836.652
20,2,0.5,25,19,75,7.5,484.763
20,2,1,25,19,75,7.5,601.295
20,2,1.5,25,19,75,7.5,702.727
20,2,2,25,19,75,7.5,837.21
20,2,0.5,25,19,100,7.5,484.831
20,2,1,25,19,100,7.5,599.453
20,2,1.5,25,19,100,7.5,704.422
20,2,2,25,19,100,7.5,837.51
20,0.5,0.5,10,21,50,7.5,44.605
20,0.5,0.5,10,21,75,7.5,64.559
20,0.5,0.5,10,21,100,7.5,86.078
20,1,0.5,10,21,50,7.5,49.803
20,1,1,10,21,50,7.5,51.723
20,1,0.5,10,21,75,7.5,64.559
20,1,1,10,21,75,7.5,69.101
20,1,0.5,10,21,100,7.5,86.078
20,1,1,10,21,100,7.5,86.078
20,1.5,0.5,10,21,50,7.5,51.995
20,1.5,1,10,21,50,7.5,53.117
20,1.5,1.5,10,21,50,7.5,53.695
20,1.5,0.5,10,21,75,7.5,68.912
20,1.5,1,10,21,75,7.5,72.694
20,1.5,1.5,10,21,75,7.5,75.496
20,1.5,0.5,10,21,100,7.5,90.078
20,1.5,1,10,21,100,7.5,90.86
20,1.5,1.5,10,21,100,7.5,94.288
20,2,0.5,10,21,50,7.5,95.54
20,2,1,10,21,50,7.5,118.053
20,2,1.5,10,21,50,7.5,131.496
20,2,2,10,21,50,7.5,183.993
20,2,0.5,10,21,75,7.5,96.676
20,2,1,10,21,75,7.5,118.235
20,2,1.5,10,21,75,7.5,131.578
20,2,2,10,21,75,7.5,185.453
20,2,0.5,10,21,100,7.5,96.998
20,2,1,10,21,100,7.5,118.455
20,2,1.5,10,21,100,7.5,133.122
20,2,2,10,21,100,7.5,198.256
20,0.5,0.5,15,21,50,7.5,49.864
20,0.5,0.5,15,21,75,7.5,65.176
20,0.5,0.5,15,21,100,7.5,86.276
20,1,0.5,15,21,50,7.5,85.103
20,1,1,15,21,50,7.5,110.12
20,1,0.5,15,21,75,7.5,85.245
20,1,1,15,21,75,7.5,110.707
20,1,0.5,15,21,100,7.5,92.557
20,1,1,15,21,100,7.5,111.604
20,1.5,0.5,15,21,50,7.5,106.665
20,1.5,1,15,21,50,7.5,181.129
20,1.5,1.5,15,21,50,7.5,209.053
20,1.5,0.5,15,21,75,7.5,106.745
20,1.5,1,15,21,75,7.5,181.346
20,1.5,1.5,15,21,75,7.5,209.55
20,1.5,0.5,15,21,100,7.5,109.832
20,1.5,1,15,21,100,7.5,181.566
20,1.5,1.5,15,21,100,7.5,209.656
20,2,0.5,15,21,50,7.5,200.025
20,2,1,15,21,50,7.5,226.881
20,2,1.5,15,21,50,7.5,262.191
20,2,2,15,21,50,7.5,310.686
20,2,0.5,15,21,75,7.5,201.538
20,2,1,15,21,75,7.5,226.931
20,2,1.5,15,21,75,7.5,262.502
20,2,2,15,21,75,7.5,310.833
20,2,0.5,15,21,100,7.5,201.867
20,2,1,15,21,100,7.5,226.982
20,2,1.5,15,21,100,7.5,262.784
20,2,2,15,21,100,7.5,311.357
20,0.5,0.5,20,21,50,7.5,53.433
20,0.5,0.5,20,21,75,7.5,71.459
20,0.5,0.5,20,21,100,7.5,88.261
20,1,0.5,20,21,50,7.5,137.103
20,1,1,20,21,50,7.5,178.512
20,1,0.5,20,21,75,7.5,137.248
20,1,1,20,21,75,7.5,178.915
20,1,0.5,20,21,100,7.5,137.383
20,1,1,20,21,100,7.5,178.76
20,1.5,0.5,20,21,50,7.5,237.425
20,1.5,1,20,21,50,7.5,301.299
20,1.5,1.5,20,21,50,7.5,364.246
20,1.5,0.5,20,21,75,7.5,237.474
20,1.5,1,20,21,75,7.5,301.505
20,1.5,1.5,20,21,75,7.5,364.925
20,1.5,0.5,20,21,100,7.5,237.569
20,1.5,1,20,21,100,7.5,301.872
20,1.5,1.5,20,21,100,7.5,365.103
20,2,0.5,20,21,50,7.5,325.582
20,2,1,20,21,50,7.5,395.308
20,2,1.5,20,21,50,7.5,459.89
20,2,2,20,21,50,7.5,542.361
20,2,0.5,20,21,75,7.5,325.719
20,2,1,20,21,75,7.5,395.734
20,2,1.5,20,21,75,7.5,460.436
20,2,2,20,21,75,7.5,542.565
20,2,0.5,20,21,100,7.5,325.889
20,2,1,20,21,100,7.5,395.715
20,2,1.5,20,21,100,7.5,460.242
20,2,2,20,21,100,7.5,542.688
20,0.5,0.5,25,21,50,7.5,59.914
20,0.5,0.5,25,21,75,7.5,74.436
20,0.5,0.5,25,21,100,7.5,95.681
20,1,0.5,25,21,50,7.5,158.437
20,1,1,25,21,50,7.5,219.295
20,1,0.5,25,21,75,7.5,158.448
20,1,1,25,21,75,7.5,219.76
20,1,0.5,25,21,100,7.5,158.782
20,1,1,25,21,100,7.5,219.827
20,1.5,0.5,25,21,50,7.5,283.232
20,1.5,1,25,21,50,7.5,373.564
20,1.5,1.5,25,21,50,7.5,479.338
20,1.5,0.5,25,21,75,7.5,283.586
20,1.5,1,25,21,75,7.5,373.731
20,1.5,1.5,25,21,75,7.5,479.282
20,1.5,0.5,25,21,100,7.5,283.877
20,1.5,1,25,21,100,7.5,373.597
20,1.5,1.5,25,21,100,7.5,479.749
20,2,0.5,25,21,50,7.5,510.648
20,2,1,25,21,50,7.5,624.122
20,2,1.5,25,21,50,7.5,738.23
20,2,2,25,21,50,7.5,893.172
20,2,0.5,25,21,75,7.5,510.676
20,2,1,25,21,75,7.5,624.527
20,2,1.5,25,21,75,7.5,745.431
20,2,2,25,21,75,7.5,893.3
20,2,0.5,25,21,100,7.5,506.879
20,2,1,25,21,100,7.5,624.736
20,2,1.5,25,21,100,7.5,744.043
20,2,2,25,21,100,7.5,893.322
30,0.5,0.5,10,17,50,7.5,43.039
30,0.5,0.5,10,17,75,7.5,64.559
30,0.5,0.5,10,17,100,7.5,86.078
30,1,0.5,10,17,50,7.5,43.039
30,1,1,10,17,50,7.5,43.039
30,1,0.5,10,17,75,7.5,64.56
30,1,1,10,17,75,7.5,64.559
30,1,0.5,10,17,100,7.5,86.078
30,1,1,10,17,100,7.5,86.078
30,1.5,0.5,10,17,50,7.5,43.039
30,1.5,1,10,17,50,7.5,43.039
30,1.5,1.5,10,17,50,7.5,43.039
30,1.5,0.5,10,17,75,7.5,64.559
30,1.5,1,10,17,75,7.5,64.559
30,1.5,1.5,10,17,75,7.5,64.559
30,1.5,0.5,10,17,100,7.5,86.078
30,1.5,1,10,17,100,7.5,86.078
30,1.5,1.5,10,17,100,7.5,86.078
30,2,0.5,10,17,50,7.5,43.039
30,2,1,10,17,50,7.5,44.44
30,2,1.5,10,17,50,7.5,48.242
30,2,2,10,17,50,7.5,51.975
30,2,0.5,10,17,75,7.5,64.559
30,2,1,10,17,75,7.5,64.559
30,2,1.5,10,17,75,7.5,64.559
30,2,2,10,17,75,7.5,64.559
30,2,0.5,10,17,100,7.5,86.078
30,2,1,10,17,100,7.5,86.078
30,2,1.5,10,17,100,7.5,86.078
30,2,2,10,17,100,7.5,86.078
30,0.5,0.5,15,17,50,7.5,45.47
30,0.5,0.5,15,17,75,7.5,64.559
30,0.5,0.5,15,17,100,7.5,86.078
30,1,0.5,15,17,50,7.5,51.732
30,1,1,15,17,50,7.5,52.51
30,1,0.5,15,17,75,7.5,64.559
30,1,1,15,17,75,7.5,68.683
30,1,0.5,15,17,100,7.5,86.078
30,1,1,15,17,100,7.5,86.078
30,1.5,0.5,15,17,50,7.5,52.161
30,1.5,1,15,17,50,7.5,54.547
30,1.5,1.5,15,17,50,7.5,61.71
30,1.5,0.5,15,17,75,7.5,72.415
30,1.5,1,15,17,75,7.5,74.171
30,1.5,1.5,15,17,75,7.5,76.999
30,1.5,0.5,15,17,100,7.5,86.078
30,1.5,1,15,17,100,7.5,87.153
30,1.5,1.5,15,17,100,7.5,97.304
30,2,0.5,15,17,50,7.5,102.165
30,2,1,15,17,50,7.5,115.284
30,2,1.5,15,17,50,7.5,138.626
30,2,2,15,17,50,7.5,173.938
30,2,0.5,15,17,75,7.5,91.3425
30,2,1,15,17,75,7.5,115.284
30,2,1.5,15,17,75,7.5,138.631
30,2,2,15,17,75,7.5,173.899
30,2,0.5,15,17,100,7.5,93.769
30,2,1,15,17,100,7.5,116.5
30,2,1.5,15,17,100,7.5,138.607
30,2,2,15,17,100,7.5,173.93
30,0.5,0.5,20,17,50,7.5,48.964
30,0.5,0.5,20,17,75,7.5,66.683
30,0.5,0.5,20,17,100,7.5,86.078
30,1,0.5,20,17,50,7.5,53.773
30,1,1,20,17,50,7.5,54.056
30,1,0.5,20,17,75,7.5,76.791
30,1,1,20,17,75,7.5,80.0325
30,1,0.5,20,17,100,7.5,94.773
30,1,1,20,17,100,7.5,95.843
30,1.5,0.5,20,17,50,7.5,125.217
30,1.5,1,20,17,50,7.5,152.757
30,1.5,1.5,20,17,50,7.5,184.959
30,1.5,0.5,20,17,75,7.5,125.546
30,1.5,1,20,17,75,7.5,152.766
30,1.5,1.5,20,17,75,7.5,185.352
30,1.5,0.5,20,17,100,7.5,125.834
30,1.5,1,20,17,100,7.5,151.332
30,1.5,1.5,20,17,100,7.5,185.776
30,2,0.5,20,17,50,7.5,145.992
30,2,1,20,17,50,7.5,202.566
30,2,1.5,20,17,50,7.5,247.536
30,2,2,20,17,50,7.5,309.913
30,2,0.5,20,17,75,7.5,146.056
30,2,1,20,17,75,7.5,202.643
30,2,1.5,20,17,75,7.5,247.542
30,2,2,20,17,75,7.5,309.897
30,2,0.5,20,17,100,7.5,146.392
30,2,1,20,17,100,7.5,202.719
30,2,1.5,20,17,100,7.5,247.507
30,2,2,20,17,100,7.5,309.98
30,0.5,0.5,25,17,50,7.5,51.022
30,0.5,0.5,25,17,75,7.5,71.963
30,0.5,0.5,25,17,100,7.5,89.511
30,1,0.5,25,17,50,7.5,55.263
30,1,1,25,17,50,7.5,63.135
30,1,0.5,25,17,75,7.5,77.193
30,1,1,25,17,75,7.5,84.045
30,1,0.5,25,17,100,7.5,98.903
30,1,1,25,17,100,7.5,100.89
30,1.5,0.5,25,17,50,7.5,155.895
30,1.5,1,25,17,50,7.5,249.106
30,1.5,1.5,25,17,50,7.5,307.327
30,1.5,0.5,25,17,75,7.5,155.986
30,1.5,1,25,17,75,7.5,249.657
30,1.5,1.5,25,17,75,7.5,307.425
30,1.5,0.5,25,17,100,7.5,156.441
30,1.5,1,25,17,100,7.5,249.877
30,1.5,1.5,25,17,100,7.5,307.627
30,2,0.5,25,17,50,7.5,240.455
30,2,1,25,17,50,7.5,330.096
30,2,1.5,25,17,50,7.5,401.994
30,2,2,25,17,50,7.5,500.277
30,2,0.5,25,17,75,7.5,240.656
30,2,1,25,17,75,7.5,330.012
30,2,1.5,25,17,75,7.5,402.352
30,2,2,25,17,75,7.5,500.363
30,2,0.5,25,17,100,7.5,240.69
30,2,1,25,17,100,7.5,330.022
30,2,1.5,25,17,100,7.5,402.655
30,2,2,25,17,100,7.5,500.441
30,0.5,0.5,10,19,50,7.5,43.039
30,0.5,0.5,10,19,75,7.5,64.559
30,0.5,0.5,10,19,100,7.5,86.078
30,1,0.5,10,19,50,7.5,43.039
30,1,1,10,19,50,7.5,43.039
30,1,0.5,10,19,75,7.5,64.559
30,1,1,10,19,75,7.5,64.559
30,1,0.5,10,19,100,7.5,86.078
30,1,1,10,19,100,7.5,86.078
30,1.5,0.5,10,19,50,7.5,43.039
30,1.5,1,10,19,50,7.5,43.039
30,1.5,1.5,10,19,50,7.5,43.039
30,1.5,0.5,10,19,75,7.5,64.559
30,1.5,1,10,19,75,7.5,64.559
30,1.5,1.5,10,19,75,7.5,64.559
30,1.5,0.5,10,19,100,7.5,86.078
30,1.5,1,10,19,100,7.5,86.078
30,1.5,1.5,10,19,100,7.5,86.078
30,2,0.5,10,19,50,7.5,43.039
30,2,1,10,19,50,7.5,43.039
30,2,1.5,10,19,50,7.5,43.039
30,2,2,10,19,50,7.5,44.966
30,2,0.5,10,19,75,7.5,64.559
30,2,1,10,19,75,7.5,64.559
30,2,1.5,10,19,75,7.5,64.559
30,2,2,10,19,75,7.5,64.559
30,2,0.5,10,19,100,7.5,86.078
30,2,1,10,19,100,7.5,86.078
30,2,1.5,10,19,100,7.5,86.078
30,2,2,10,19,100,7.5,86.078
30,0.5,0.5,15,19,50,7.5,43.039
30,0.5,0.5,15,19,75,7.5,64.559
30,0.5,0.5,15,19,100,7.5,86.078
30,1,0.5,15,19,50,7.5,50.066
30,1,1,15,19,50,7.5,51.373
30,1,0.5,15,19,75,7.5,64.559
30,1,1,15,19,75,7.5,70.525
30,1,0.5,15,19,100,7.5,86.078
30,1,1,15,19,100,7.5,86.078
30,1.5,0.5,15,19,50,7.5,52.817
30,1.5,1,15,19,50,7.5,82.826
30,1.5,1.5,15,19,50,7.5,103.927
30,1.5,0.5,15,19,75,7.5,74.453
30,1.5,1,15,19,75,7.5,74.678
30,1.5,1.5,15,19,75,7.5,76.583
30,1.5,0.5,15,19,100,7.5,86.078
30,1.5,1,15,19,100,7.5,89.53
30,1.5,1.5,15,19,100,7.5,98.335
30,2,0.5,15,19,50,7.5,102.555
30,2,1,15,19,50,7.5,116.245
30,2,1.5,15,19,50,7.5,139.741
30,2,2,15,19,50,7.5,177.081
30,2,0.5,15,19,75,7.5,96.153
30,2,1,15,19,75,7.5,117.05
30,2,1.5,15,19,75,7.5,140.391
30,2,2,15,19,75,7.5,177.376
30,2,0.5,15,19,100,7.5,96.696
30,2,1,15,19,100,7.5,118.261
30,2,1.5,15,19,100,7.5,140.555
30,2,2,15,19,100,7.5,178.079
30,0.5,0.5,20,19,50,7.5,50.852
30,0.5,0.5,20,19,75,7.5,67.327
30,0.5,0.5,20,19,100,7.5,86.078
30,1,0.5,20,19,50,7.5,54.964
30,1,1,20,19,50,7.5,56.183
30,1,0.5,20,19,75,7.5,77.421
30,1,1,20,19,75,7.5,81.2825
30,1,0.5,20,19,100,7.5,95.279
30,1,1,20,19,100,7.5,96.584
30,1.5,0.5,20,19,50,7.5,126.715
30,1.5,1,20,19,50,7.5,153.071
30,1.5,1.5,20,19,50,7.5,199.058
30,1.5,0.5,20,19,75,7.5,126.853
30,1.5,1,20,19,75,7.5,155.53
30,1.5,1.5,20,19,75,7.5,199.559
30,1.5,0.5,20,19,100,7.5,127.471
30,1.5,1,20,19,100,7.5,155.73
30,1.5,1.5,20,19,100,7.5,201.371
30,2,0.5,20,19,50,7.5,160.702
30,2,1,20,19,50,7.5,209.898
30,2,1.5,20,19,50,7.5,248.27
30,2,2,20,19,50,7.5,325.226
30,2,0.5,20,19,75,7.5,160.754
30,2,1,20,19,75,7.5,209.068
30,2,1.5,20,19,75,7.5,248.173
30,2,2,20,19,75,7.5,320.064
30,2,0.5,20,19,100,7.5,160.812
30,2,1,20,19,100,7.5,206.145
30,2,1.5,20,19,100,7.5,248.116
30,2,2,20,19,100,7.5,325.265
30,0.5,0.5,25,19,50,7.5,53.623
30,0.5,0.5,25,19,75,7.5,72.601
30,0.5,0.5,25,19,100,7.5,90.582
30,1,0.5,25,19,50,7.5,56.973
30,1,1,25,19,50,7.5,64.215
30,1,0.5,25,19,75,7.5,77.588
30,1,1,25,19,75,7.5,79.9875
30,1,0.5,25,19,100,7.5,98.976
30,1,1,25,19,100,7.5,99.86
30,1.5,0.5,25,19,50,7.5,173.61
30,1.5,1,25,19,50,7.5,252.83
30,1.5,1.5,25,19,50,7.5,315.886
30,1.5,0.5,25,19,75,7.5,173.824
30,1.5,1,25,19,75,7.5,259.757
30,1.5,1.5,25,19,75,7.5,316.345
30,1.5,0.5,25,19,100,7.5,173.638
30,1.5,1,25,19,100,7.5,261.433
30,1.5,1.5,25,19,100,7.5,316.611
30,2,0.5,25,19,50,7.5,262.649
30,2,1,25,19,50,7.5,336.526
30,2,1.5,25,19,50,7.5,414.503
30,2,2,25,19,50,7.5,518.998
30,2,0.5,25,19,75,7.5,262.985
30,2,1,25,19,75,7.5,335.157
30,2,1.5,25,19,75,7.5,413.677
30,2,2,25,19,75,7.5,520.306
30,2,0.5,25,19,100,7.5,262.732
30,2,1,25,19,100,7.5,335.835
30,2,1.5,25,19,100,7.5,413.702
30,2,2,25,19,100,7.5,520.971
30,0.5,0.5,10,21,50,7.5,43.039
30,0.5,0.5,10,21,75,7.5,64.559
30,0.5,0.5,10,21,100,7.5,86.078
30,1,0.5,10,21,50,7.5,43.039
30,1,1,10,21,50,7.5,43.039
30,1,0.5,10,21,75,7.5,64.559
30,1,1,10,21,75,7.5,64.559
30,1,0.5,10,21,100,7.5,86.078
30,1,1,10,21,100,7.5,86.078
30,1.5,0.5,10,21,50,7.5,43.039
30,1.5,1,10,21,50,7.5,43.039
30,1.5,1.5,10,21,50,7.5,43.039
30,1.5,0.5,10,21,75,7.5,64.559
30,1.5,1,10,21,75,7.5,64.559
30,1.5,1.5,10,21,75,7.5,64.559
30,1.5,0.5,10,21,100,7.5,86.078
30,1.5,1,10,21,100,7.5,86.078
30,1.5,1.5,10,21,100,7.5,86.078
30,2,0.5,10,21,50,7.5,43.039
30,2,1,10,21,50,7.5,43.039
30,2,1.5,10,21,50,7.5,43.039
30,2,2,10,21,50,7.5,43.039
30,2,0.5,10,21,75,7.5,64.559
30,2,1,10,21,75,7.5,64.559
30,2,1.5,10,21,75,7.5,64.559
30,2,2,10,21,75,7.5,64.559
30,2,0.5,10,21,100,7.5,86.078
30,2,1,10,21,100,7.5,86.078
30,2,1.5,10,21,100,7.5,86.078
30,2,2,10,21,100,7.5,86.078
30,0.5,0.5,15,21,50,7.5,43.039
30,0.5,0.5,15,21,75,7.5,64.559
30,0.5,0.5,15,21,100,7.5,86.078
30,1,0.5,15,21,50,7.5,46.675
30,1,1,15,21,50,7.5,50.405
30,1,0.5,15,21,75,7.5,64.559
30,1,1,15,21,75,7.5,64.559
30,1,0.5,15,21,100,7.5,86.078
30,1,1,15,21,100,7.5,86.078
30,1.5,0.5,15,21,50,7.5,52.176
30,1.5,1,15,21,50,7.5,83.461
30,1.5,1.5,15,21,50,7.5,93.727
30,1.5,0.5,15,21,75,7.5,64.559
30,1.5,1,15,21,75,7.5,84.127
30,1.5,1.5,15,21,75,7.5,93.991
30,1.5,0.5,15,21,100,7.5,86.078
30,1.5,1,15,21,100,7.5,86.078
30,1.5,1.5,15,21,100,7.5,98.43
30,2,0.5,15,21,50,7.5,102.667
30,2,1,15,21,50,7.5,117.16
30,2,1.5,15,21,50,7.5,140.59
30,2,2,15,21,50,7.5,168.01
30,2,0.5,15,21,75,7.5,97.788
30,2,1,15,21,75,7.5,110.317
30,2,1.5,15,21,75,7.5,140.616
30,2,2,15,21,75,7.5,167.997
30,2,0.5,15,21,100,7.5,97.078
30,2,1,15,21,100,7.5,110.856
30,2,1.5,15,21,100,7.5,140.832
30,2,2,15,21,100,7.5,168.424
30,0.5,0.5,20,21,50,7.5,51.361
30,0.5,0.5,20,21,75,7.5,67.23
30,0.5,0.5,20,21,100,7.5,86.078
30,1,0.5,20,21,50,7.5,56.343
30,1,1,20,21,50,7.5,57.296
30,1,0.5,20,21,75,7.5,75.428
30,1,1,20,21,75,7.5,78.16
30,1,0.5,20,21,100,7.5,92.53
30,1,1,20,21,100,7.5,96.946
30,1.5,0.5,20,21,50,7.5,108.735
30,1.5,1,20,21,50,7.5,144.512
30,1.5,1.5,20,21,50,7.5,198.76
30,1.5,0.5,20,21,75,7.5,108.823
30,1.5,1,20,21,75,7.5,155.705
30,1.5,1.5,20,21,75,7.5,200.779
30,1.5,0.5,20,21,100,7.5,108.983
30,1.5,1,20,21,100,7.5,155.789
30,1.5,1.5,20,21,100,7.5,201.883
30,2,0.5,20,21,50,7.5,154.426
30,2,1,20,21,50,7.5,204.913
30,2,1.5,20,21,50,7.5,249.018
30,2,2,20,21,50,7.5,324.924
30,2,0.5,20,21,75,7.5,154.465
30,2,1,20,21,75,7.5,205.084
30,2,1.5,20,21,75,7.5,249.028
30,2,2,20,21,75,7.5,324.787
30,2,0.5,20,21,100,7.5,154.814
30,2,1,20,21,100,7.5,205.172
30,2,1.5,20,21,100,7.5,249.545
30,2,2,20,21,100,7.5,328.77
30,0.5,0.5,25,21,50,7.5,55.424
30,0.5,0.5,25,21,75,7.5,73.567
30,0.5,0.5,25,21,100,7.5,91.61
30,1,0.5,25,21,50,7.5,58.649
30,1,1,25,21,50,7.5,59.445
30,1,0.5,25,21,75,7.5,77.689
30,1,1,25,21,75,7.5,80.2275
30,1,0.5,25,21,100,7.5,99.199
30,1,1,25,21,100,7.5,100.15
30,1.5,0.5,25,21,50,7.5,175.167
30,1.5,1,25,21,50,7.5,254.976
30,1.5,1.5,25,21,50,7.5,325.217
30,1.5,0.5,25,21,75,7.5,175.245
30,1.5,1,25,21,75,7.5,255.135
30,1.5,1.5,25,21,75,7.5,325.404
30,1.5,0.5,25,21,100,7.5,175.503
30,1.5,1,25,21,100,7.5,255.244
30,1.5,1.5,25,21,100,7.5,325.11
30,2,0.5,25,21,50,7.5,275.051
30,2,1,25,21,50,7.5,341.68
30,2,1.5,25,21,50,7.5,426.139
30,2,2,25,21,50,7.5,537.116
30,2,0.5,25,21,75,7.5,275.024
30,2,1,25,21,75,7.5,341.785
30,2,1.5,25,21,75,7.5,425.827
30,2,2,25,21,75,7.5,538.744
30,2,0.5,25,21,100,7.5,275.18
30,2,1,25,21,100,7.5,341.851
30,2,1.5,25,21,100,7.5,425.5
30,2,2,25,21,100,7.5,539.621
40,0.5,0.5,10,17,50,7.5,43.039
40,0.5,0.5,10,17,75,7.5,64.559
40,0.5,0.5,10,17,100,7.5,86.078
40,1,0.5,10,17,50,7.5,43.039
40,1,1,10,17,50,7.5,43.039
40,1,0.5,10,17,75,7.5,64.559
40,1,1,10,17,75,7.5,64.559
40,1,0.5,10,17,100,7.5,86.078
40,1,1,10,17,100,7.5,86.078
40,1.5,0.5,10,17,50,7.5,43.039
40,1.5,1,10,17,50,7.5,43.039
40,1.5,1.5,10,17,50,7.5,43.039
40,1.5,0.5,10,17,75,7.5,64.559
40,1.5,1,10,17,75,7.5,64.559
40,1.5,1.5,10,17,75,7.5,64.559
40,1.5,0.5,10,17,100,7.5,86.078
40,1.5,1,10,17,100,7.5,86.078
40,1.5,1.5,10,17,100,7.5,86.078
40,2,0.5,10,17,50,7.5,43.039
40,2,1,10,17,50,7.5,43.039
40,2,1.5,10,17,50,7.5,43.039
40,2,2,10,17,50,7.5,43.039
40,2,0.5,10,17,75,7.5,64.559
40,2,1,10,17,75,7.5,64.559
40,2,1.5,10,17,75,7.5,64.559
40,2,2,10,17,75,7.5,64.559
40,2,0.5,10,17,100,7.5,86.078
40,2,1,10,17,100,7.5,86.078
40,2,1.5,10,17,100,7.5,86.078
40,2,2,10,17,100,7.5,86.078
40,0.5,0.5,15,17,50,7.5,43.039
40,0.5,0.5,15,17,75,7.5,64.559
40,0.5,0.5,15,17,100,7.5,86.078
40,1,0.5,15,17,50,7.5,43.039
40,1,1,15,17,50,7.5,43.039
40,1,0.5,15,17,75,7.5,64.559
40,1,1,15,17,75,7.5,64.559
40,1,0.5,15,17,100,7.5,86.078
40,1,1,15,17,100,7.5,86.078
40,1.5,0.5,15,17,50,7.5,43.039
40,1.5,1,15,17,50,7.5,43.039
40,1.5,1.5,15,17,50,7.5,44.295
40,1.5,0.5,15,17,75,7.5,64.559
40,1.5,1,15,17,75,7.5,64.559
40,1.5,1.5,15,17,75,7.5,64.559
40,1.5,0.5,15,17,100,7.5,86.078
40,1.5,1,15,17,100,7.5,86.078
40,1.5,1.5,15,17,100,7.5,86.078
40,2,0.5,15,17,50,7.5,43.039
40,2,1,15,17,50,7.5,44.575
40,2,1.5,15,17,50,7.5,53.124
40,2,2,15,17,50,7.5,56.832
40,2,0.5,15,17,75,7.5,64.559
40,2,1,15,17,75,7.5,64.559
40,2,1.5,15,17,75,7.5,66.5475
40,2,2,15,17,75,7.5,73.077
40,2,0.5,15,17,100,7.5,86.078
40,2,1,15,17,100,7.5,86.078
40,2,1.5,15,17,100,7.5,86.078
40,2,2,15,17,100,7.5,88.65
40,0.5,0.5,20,17,50,7.5,43.039
40,0.5,0.5,20,17,75,7.5,64.559
40,0.5,0.5,20,17,100,7.5,86.078
40,1,0.5,20,17,50,7.5,42.804
40,1,1,20,17,50,7.5,48.439
40,1,0.5,20,17,75,7.5,64.559
40,1,1,20,17,75,7.5,64.559
40,1,0.5,20,17,100,7.5,86.078
40,1,1,20,17,100,7.5,86.078
40,1.5,0.5,20,17,50,7.5,53.07
40,1.5,1,20,17,50,7.5,69.435
40,1.5,1.5,20,17,50,7.5,105.119
40,1.5,0.5,20,17,75,7.5,64.559
40,1.5,1,20,17,75,7.5,70.24
40,1.5,1.5,20,17,75,7.5,107.55
40,1.5,0.5,20,17,100,7.5,86.078
40,1.5,1,20,17,100,7.5,86.078
40,1.5,1.5,20,17,100,7.5,93.518
40,2,0.5,20,17,50,7.5,69.303
40,2,1,20,17,50,7.5,108.578
40,2,1.5,20,17,50,7.5,151.847
40,2,2,20,17,50,7.5,189.478
40,2,0.5,20,17,75,7.5,74.555
40,2,1,20,17,75,7.5,110.112
40,2,1.5,20,17,75,7.5,151.971
40,2,2,20,17,75,7.5,189.889
40,2,0.5,20,17,100,7.5,86.078
40,2,1,20,17,100,7.5,113.66
40,2,1.5,20,17,100,7.5,144.415
40,2,2,20,17,100,7.5,190.538
40,0.5,0.5,25,17,50,7.5,48.303
40,0.5,0.5,25,17,75,7.5,64.559
40,0.5,0.5,25,17,100,7.5,86.078
40,1,0.5,25,17,50,7.5,53.217
40,1,1,25,17,50,7.5,54.891
40,1,0.5,25,17,75,7.5,70.82
40,1,1,25,17,75,7.5,73.635
40,1,0.5,25,17,100,7.5,86.078
40,1,1,25,17,100,7.5,87.205
40,1.5,0.5,25,17,50,7.5,55.838
40,1.5,1,25,17,50,7.5,99.451
40,1.5,1.5,25,17,50,7.5,172.571
40,1.5,0.5,25,17,75,7.5,78.087
40,1.5,1,25,17,75,7.5,98.963
40,1.5,1.5,25,17,75,7.5,172.653
40,1.5,0.5,25,17,100,7.5,91.6
40,1.5,1,25,17,100,7.5,99.48
40,1.5,1.5,25,17,100,7.5,173.266
40,2,0.5,25,17,50,7.5,79.155
40,2,1,25,17,50,7.5,150.379
40,2,1.5,25,17,50,7.5,252.046
40,2,2,25,17,50,7.5,350.108
40,2,0.5,25,17,75,7.5,79.226
40,2,1,25,17,75,7.5,153.476
40,2,1.5,25,17,75,7.5,252.652
40,2,2,25,17,75,7.5,350.343
40,2,0.5,25,17,100,7.5,99.208
40,2,1,25,17,100,7.5,181.546
40,2,1.5,25,17,100,7.5,253.683
40,2,2,25,17,100,7.5,348.952
40,0.5,0.5,10,19,50,7.5,
40,0.5,0.5,10,19,75,7.5,
40,0.5,0.5,10,19,100,7.5,
40,1,0.5,10,19,50,7.5,
40,1,1,10,19,50,7.5,
40,1,0.5,10,19,75,7.5,
40,1,1,10,19,75,7.5,
40,1,0.5,10,19,100,7.5,
40,1,1,10,19,100,7.5,
40,1.5,0.5,10,19,50,7.5,
40,1.5,1,10,19,50,7.5,
40,1.5,1.5,10,19,50,7.5,
40,1.5,0.5,10,19,75,7.5,
40,1.5,1,10,19,75,7.5,
40,1.5,1.5,10,19,75,7.5,
40,1.5,0.5,10,19,100,7.5,
40,1.5,1,10,19,100,7.5,
40,1.5,1.5,10,19,100,7.5,
40,2,0.5,10,19,50,7.5,
40,2,1,10,19,50,7.5,
40,2,1.5,10,19,50,7.5,
40,2,2,10,19,50,7.5,
40,2,0.5,10,19,75,7.5,
40,2,1,10,19,75,7.5,
40,2,1.5,10,19,75,7.5,
40,2,2,10,19,75,7.5,
40,2,0.5,10,19,100,7.5,
40,2,1,10,19,100,7.5,
40,2,1.5,10,19,100,7.5,
40,2,2,10,19,100,7.5,
40,0.5,0.5,15,19,50,7.5,43.039
40,0.5,0.5,15,19,75,7.5,64.559
40,0.5,0.5,15,19,100,7.5,86.078
40,1,0.5,15,19,50,7.5,43.039
40,1,1,15,19,50,7.5,43.039
40,1,0.5,15,19,75,7.5,64.559
40,1,1,15,19,75,7.5,64.559
40,1,0.5,15,19,100,7.5,86.078
40,1,1,15,19,100,7.5,86.078
40,1.5,0.5,15,19,50,7.5,43.039
40,1.5,1,15,19,50,7.5,43.039
40,1.5,1.5,15,19,50,7.5,43.039
40,1.5,0.5,15,19,75,7.5,64.559
40,1.5,1,15,19,75,7.5,64.559
40,1.5,1.5,15,19,75,7.5,64.559
40,1.5,0.5,15,19,100,7.5,86.078
40,1.5,1,15,19,100,7.5,86.078
40,1.5,1.5,15,19,100,7.5,86.078
40,2,0.5,15,19,50,7.5,43.039
40,2,1,15,19,50,7.5,43.039
40,2,1.5,15,19,50,7.5,43.63
40,2,2,15,19,50,7.5,52.89
40,2,0.5,15,19,75,7.5,64.559
40,2,1,15,19,75,7.5,64.559
40,2,1.5,15,19,75,7.5,64.559
40,2,2,15,19,75,7.5,65.7375
40,2,0.5,15,19,100,7.5,86.078
40,2,1,15,19,100,7.5,86.078
40,2,1.5,15,19,100,7.5,86.078
40,2,2,15,19,100,7.5,86.078
40,0.5,0.5,20,19,50,7.5,43.039
40,0.5,0.5,20,19,75,7.5,64.559
40,0.5,0.5,20,19,100,7.5,86.078
40,1,0.5,20,19,50,7.5,43.039
40,1,1,20,19,50,7.5,43.635
40,1,0.5,20,19,75,7.5,64.559
40,1,1,20,19,75,7.5,64.559
40,1,0.5,20,19,100,7.5,86.078
40,1,1,20,19,100,7.5,86.078
40,1.5,0.5,20,19,50,7.5,48.02
40,1.5,1,20,19,50,7.5,79.715
40,1.5,1.5,20,19,50,7.5,112.776
40,1.5,0.5,20,19,75,7.5,64.559
40,1.5,1,20,19,75,7.5,79.845
40,1.5,1.5,20,19,75,7.5,113.262
40,1.5,0.5,20,19,100,7.5,86.078
40,1.5,1,20,19,100,7.5,86.078
40,1.5,1.5,20,19,100,7.5,113.882
40,2,0.5,20,19,50,7.5,68.852
40,2,1,20,19,50,7.5,108.579
40,2,1.5,20,19,50,7.5,151.587
40,2,2,20,19,50,7.5,190.427
40,2,0.5,20,19,75,7.5,75.21
40,2,1,20,19,75,7.5,111.012
40,2,1.5,20,19,75,7.5,152.887
40,2,2,20,19,75,7.5,190.641
40,2,0.5,20,19,100,7.5,86.078
40,2,1,20,19,100,7.5,114.637
40,2,1.5,20,19,100,7.5,152.004
40,2,2,20,19,100,7.5,191.03
40,0.5,0.5,25,19,50,7.5,48.858
40,0.5,0.5,25,19,75,7.5,64.559
40,0.5,0.5,25,19,100,7.5,86.078
40,1,0.5,25,19,50,7.5,54.878
40,1,1,25,19,50,7.5,55.003
40,1,0.5,25,19,75,7.5,71.58
40,1,1,25,19,75,7.5,75.215
40,1,0.5,25,19,100,7.5,86.078
40,1,1,25,19,100,7.5,86.078
40,1.5,0.5,25,19,50,7.5,58.175
40,1.5,1,25,19,50,7.5,97.884
40,1.5,1.5,25,19,50,7.5,173.831
40,1.5,0.5,25,19,75,7.5,78.149
40,1.5,1,25,19,75,7.5,98.611
40,1.5,1.5,25,19,75,7.5,174.333
40,1.5,0.5,25,19,100,7.5,94.66
40,1.5,1,25,19,100,7.5,99.624
40,1.5,1.5,25,19,100,7.5,174.599
40,2,0.5,25,19,50,7.5,118.181
40,2,1,25,19,50,7.5,163.864
40,2,1.5,25,19,50,7.5,261.794
40,2,2,25,19,50,7.5,361.013
40,2,0.5,25,19,75,7.5,118.416
40,2,1,25,19,75,7.5,164.287
40,2,1.5,25,19,75,7.5,261.745
40,2,2,25,19,75,7.5,361.129
40,2,0.5,25,19,100,7.5,118.805
40,2,1,25,19,100,7.5,164.817
40,2,1.5,25,19,100,7.5,263.232
40,2,2,25,19,100,7.5,361.16
40,0.5,0.5,10,21,50,7.5,
40,0.5,0.5,10,21,75,7.5,
40,0.5,0.5,10,21,100,7.5,
40,1,0.5,10,21,50,7.5,
40,1,1,10,21,50,7.5,
40,1,0.5,10,21,75,7.5,
40,1,1,10,21,75,7.5,
40,1,0.5,10,21,100,7.5,
40,1,1,10,21,100,7.5,
40,1.5,0.5,10,21,50,7.5,
40,1.5,1,10,21,50,7.5,
40,1.5,1.5,10,21,50,7.5,
40,1.5,0.5,10,21,75,7.5,
40,1.5,1,10,21,75,7.5,
40,1.5,1.5,10,21,75,7.5,
40,1.5,0.5,10,21,100,7.5,
40,1.5,1,10,21,100,7.5,
40,1.5,1.5,10,21,100,7.5,
40,2,0.5,10,21,50,7.5,
40,2,1,10,21,50,7.5,
40,2,1.5,10,21,50,7.5,
40,2,2,10,21,50,7.5,
40,2,0.5,10,21,75,7.5,
40,2,1,10,21,75,7.5,
40,2,1.5,10,21,75,7.5,
40,2,2,10,21,75,7.5,
40,2,0.5,10,21,100,7.5,
40,2,1,10,21,100,7.5,
40,2,1.5,10,21,100,7.5,
40,2,2,10,21,100,7.5,
40,0.5,0.5,15,21,50,7.5,43.039
40,0.5,0.5,15,21,75,7.5,64.559
40,0.5,0.5,15,21,100,7.5,86.078
40,1,0.5,15,21,50,7.5,43.039
40,1,1,15,21,50,7.5,43.039
40,1,0.5,15,21,75,7.5,64.559
40,1,1,15,21,75,7.5,64.559
40,1,0.5,15,21,100,7.5,86.078
40,1,1,15,21,100,7.5,86.078
40,1.5,0.5,15,21,50,7.5,43.039
40,1.5,1,15,21,50,7.5,43.039
40,1.5,1.5,15,21,50,7.5,43.039
40,1.5,0.5,15,21,75,7.5,64.559
40,1.5,1,15,21,75,7.5,64.559
40,1.5,1.5,15,21,75,7.5,64.559
40,1.5,0.5,15,21,100,7.5,86.078
40,1.5,1,15,21,100,7.5,86.078
40,1.5,1.5,15,21,100,7.5,86.078
40,2,0.5,15,21,50,7.5,43.039
40,2,1,15,21,50,7.5,43.039
40,2,1.5,15,21,50,7.5,43.039
40,2,2,15,21,50,7.5,54.175
40,2,0.5,15,21,75,7.5,64.559
40,2,1,15,21,75,7.5,64.559
40,2,1.5,15,21,75,7.5,64.559
40,2,2,15,21,75,7.5,64.559
40,2,0.5,15,21,100,7.5,86.078
40,2,1,15,21,100,7.5,86.078
40,2,1.5,15,21,100,7.5,86.078
40,2,2,15,21,100,7.5,86.078
40,0.5,0.5,20,21,50,7.5,46.679
40,0.5,0.5,20,21,75,7.5,64.559
40,0.5,0.5,20,21,100,7.5,86.078
40,1,0.5,20,21,50,7.5,46.679
40,1,1,20,21,50,7.5,46.679
40,1,0.5,20,21,75,7.5,64.559
40,1,1,20,21,75,7.5,64.559
40,1,0.5,20,21,100,7.5,86.078
40,1,1,20,21,100,7.5,86.078
40,1.5,0.5,20,21,50,7.5,46.679
40,1.5,1,20,21,50,7.5,77.05
40,1.5,1.5,20,21,50,7.5,118.371
40,1.5,0.5,20,21,75,7.5,64.559
40,1.5,1,20,21,75,7.5,64.559
40,1.5,1.5,20,21,75,7.5,118.736
40,1.5,0.5,20,21,100,7.5,86.078
40,1.5,1,20,21,100,7.5,86.078
40,1.5,1.5,20,21,100,7.5,118.939
40,2,0.5,20,21,50,7.5,69.337
40,2,1,20,21,50,7.5,109.603
40,2,1.5,20,21,50,7.5,148.31
40,2,2,20,21,50,7.5,189.98
40,2,0.5,20,21,75,7.5,69.673
40,2,1,20,21,75,7.5,109.949
40,2,1.5,20,21,75,7.5,148.405
40,2,2,20,21,75,7.5,189.74
40,2,0.5,20,21,100,7.5,86.078
40,2,1,20,21,100,7.5,110.012
40,2,1.5,20,21,100,7.5,148.613
40,2,2,20,21,100,7.5,189.944
40,0.5,0.5,25,21,50,7.5,43.413
40,0.5,0.5,25,21,75,7.5,64.559
40,0.5,0.5,25,21,100,7.5,86.078
40,1,0.5,25,21,50,7.5,55.752
40,1,1,25,21,50,7.5,56.621
40,1,0.5,25,21,75,7.5,67.095
40,1,1,25,21,75,7.5,72.1875
40,1,0.5,25,21,100,7.5,86.078
40,1,1,25,21,100,7.5,86.078
40,1.5,0.5,25,21,50,7.5,59.791
40,1.5,1,25,21,50,7.5,99.302
40,1.5,1.5,25,21,50,7.5,168.032
40,1.5,0.5,25,21,75,7.5,77.81
40,1.5,1,25,21,75,7.5,98.955
40,1.5,1.5,25,21,75,7.5,168.415
40,1.5,0.5,25,21,100,7.5,86.09
40,1.5,1,25,21,100,7.5,99.04
40,1.5,1.5,25,21,100,7.5,168.498
40,2,0.5,25,21,50,7.5,119.384
40,2,1,25,21,50,7.5,161.842
40,2,1.5,25,21,50,7.5,267.806
40,2,2,25,21,50,7.5,364.711
40,2,0.5,25,21,75,7.5,119.739
40,2,1,25,21,75,7.5,162.145
40,2,1.5,25,21,75,7.5,265.692
40,2,2,25,21,75,7.5,368.713
40,2,0.5,25,21,100,7.5,119.837
40,2,1,25,21,100,7.5,162.212
40,2,1.5,25,21,100,7.5,258.953
40,2,2,25,21,100,7.5,368.887